{"cameraMode":{"drawMode":0,"name":"Shaded","section":"Shading Mode"},"sceneLighting":true,"audioPlay":false,"sceneViewState":{"m_AlwaysRefresh":false,"showFog":true,"showSkybox":true,"showFlares":true,"showImageEffects":true,"showParticleSystems":true,"showVisualEffectGraphs":true,"m_FxEnabled":true},"in2DMode":false,"pivot":{"x":0.364478200674057,"y":1.2571204900741578,"z":-37.40467834472656},"rotation":{"x":0.004405188839882612,"y":0.993966281414032,"z":-0.10054148733615875,"w":0.043564632534980777},"size":6.4249773025512699,"orthographic":false}